City_ID,City,Country,Max Temp,Current Description,Lat,Lng,Hotel Name
0,Georgetown,MY,89.6,few clouds,5.4112,100.3354,Cititel Penang
1,Touba,CI,74.91,overcast clouds,8.2833,-7.6833,Hotel de L'Amiti√© Vraie
3,Saint-Philippe,RE,84.2,few clouds,-21.3585,55.7679,"Chambres d'h√¥te ""La Trinit√©"""
4,Pochutla,MX,70.0,clear sky,15.7432,-96.4661,Hotel Posada San Jose
5,Dongzhen,CN,89.01,broken clouds,22.3797,110.9389,ËåÇÂêç‰∏≠Ê±áÊó∂Â∞öÈÖíÂ∫ó
6,Vila Velha,BR,78.01,clear sky,-20.3297,-40.2925,Quality Suites Vila Velha
7,Bredasdorp,ZA,75.2,few clouds,-34.5322,20.0403,Bredasdorp Country Manor
9,Esperance,AU,89.6,clear sky,-33.8667,121.9,Hospitality Esperance
13,Faanui,PF,82.36,clear sky,-16.4833,-151.75,Bora-Bora Pearl Beach Resort & Spa
16,Port Elizabeth,ZA,73.4,broken clouds,-33.918,25.5701,39 On Nile Guest House
19,Hermanus,ZA,75.0,clear sky,-34.4187,19.2345,Misty Waves Boutique Hotel
20,Saint-Leu,RE,84.2,few clouds,-21.15,55.2833,La Caz Oceane
22,Port Alfred,ZA,75.96,broken clouds,-33.5906,26.891,The Halyards Hotel
27,Rikitea,PF,74.55,moderate rain,-23.1203,-134.9692,Pension Maro'i
31,Mount Gambier,AU,73.4,clear sky,-37.8333,140.7667,Commodore on the Park
33,Carnarvon,AU,87.8,clear sky,-24.8667,113.6333,Hospitality Carnarvon
35,Vaini,TO,75.2,few clouds,-21.2,-175.2,Keleti Beach Resort
40,Cape Town,ZA,71.01,few clouds,-33.9258,18.4232,Southern Sun Waterfront Cape Town
41,Avarua,CK,78.8,light rain,-21.2078,-159.775,Paradise Inn
44,Arraial Do Cabo,BR,75.29,broken clouds,-22.9661,-42.0278,Pousada Porto Praia
48,Hukuntsi,BW,82.56,clear sky,-24.0,21.75,Entabeni Hotel
50,Da Nang,VN,84.2,few clouds,16.0678,108.2208,Sun River Hotel
55,Port Blair,IN,86.32,clear sky,11.6667,92.75,Welcomhotel Bay Island Port Blair
63,Saint Pete Beach,US,72.0,clear sky,27.7253,-82.7412,Grand Plaza Hotel - St. Pete Beach
64,Ambilobe,MG,88.93,moderate rain,-13.2,49.05,H√¥tel & Restaurant DIANA Ambilobe
70,Labuhan,ID,84.42,overcast clouds,-6.8844,112.2051,PT PPI Lamongan Tambak C
71,Kavaratti,IN,83.44,broken clouds,10.5669,72.642,Hotels in Lakshadweep Islands
75,Caravelas,BR,72.18,clear sky,-17.7125,-39.2481,Pousada dos Navegantes
77,Mount Darwin,ZW,79.0,scattered clouds,-16.7725,31.5838,
78,Puerto Ayora,EC,73.0,few clouds,-0.7393,-90.3518,Finch Bay Galapagos Hotel
84,Bathsheba,BB,77.0,scattered clouds,13.2167,-59.5167,Atlantis Hotel
85,Alice Springs,AU,82.4,overcast clouds,-23.7,133.8833,Desert Palms Alice Springs
87,Ambositra,MG,73.87,broken clouds,-20.5167,47.25,Grand H√¥tel
88,Cayenne,GF,78.01,overcast clouds,4.9333,-52.3333,H√¥tel Le Dronmi
93,Busselton,AU,86.0,scattered clouds,-33.65,115.3333,Observatory Guest House
94,Atuona,PF,80.13,overcast clouds,-9.8,-139.0333,Villa Enata
96,Wattegama,LK,84.2,moderate rain,6.7989,81.4808,
97,Hithadhoo,MV,83.8,broken clouds,-0.6,73.0833,Scoop Guest House
101,East London,ZA,75.88,broken clouds,-33.0153,27.9116,Tu Casa
102,Salalah,OM,82.4,clear sky,17.0151,54.0924,HAMDAN PLAZA HOTEL SALALAH
105,Edd,ER,92.48,broken clouds,13.9297,41.6925,
106,Maraba,BR,75.2,overcast clouds,-5.3686,-49.1178,Hotel Del Principe
112,Greytown,ZA,77.56,scattered clouds,-29.0642,30.5928,Lord Grey Guest House
117,Bosaso,SO,80.6,clear sky,11.2842,49.1816,Red Sea Hotel
120,Kraksaan,ID,84.58,overcast clouds,-7.7585,113.3962,Asrama Hati
121,Jinka,ET,82.9,light rain,5.65,36.65,
123,Kokopo,PG,80.1,scattered clouds,-4.352,152.2633,Kokopo Beach Bungalow Resort
124,Tevaitoa,PF,82.35,few clouds,-16.7833,-151.5,H√¥tel Raiatea Lodge
126,Touros,BR,75.2,few clouds,-5.1989,-35.4608,INN NEW HORIZON
127,Cam Ranh,VN,84.2,few clouds,11.9214,109.1591,OYO 598 Peony Hotel
129,Butaritari,KI,82.06,broken clouds,3.0707,172.7902,Isles Sunset Lodge
133,Rio De Janeiro,BR,80.01,clear sky,-22.9028,-43.2075,Hotel M√°laga
134,Dingle,PH,84.49,clear sky,10.9995,122.6711,SEGAYA PROPERTY
149,Bumba,CD,72.28,overcast clouds,2.1833,22.4667,H√¥tel Cape Town
150,Uniao,BR,71.6,heavy intensity rain,-4.5858,-42.8642,Pousada Uni√£o
151,Damphu,BT,78.49,few clouds,27.0721,90.1096,
152,Moree,AU,78.8,light rain,-29.4667,149.85,Molika Springs Motel
154,Kollam,IN,91.4,haze,8.8833,76.6,Nani Hotels and Resorts
155,Santo Tomas,PH,93.2,scattered clouds,14.1079,121.1414,Microtel by Wyndham Batangas
156,Bato,PH,85.06,few clouds,13.3528,123.3677,Casa de Piedra
157,Mahibadhoo,MV,82.31,broken clouds,3.7833,72.9667,Omadhoo Inn
158,Tabuk,PH,80.6,broken clouds,17.4189,121.4443,Golden Berries Hotel and Convention
159,Port Augusta,AU,78.01,scattered clouds,-32.5,137.7667,Majestic Oasis Apartments
161,Majene,ID,85.08,scattered clouds,-3.5403,118.9707,Kost Putri RABBANI
163,Flinders,AU,70.0,moderate rain,-34.5833,150.8552,Shellharbour Resort & Conference Centre
164,Jieshi,CN,81.0,clear sky,22.8134,115.8257,Yuehai Hotel
165,Bambous Virieux,MU,86.0,scattered clouds,-20.3428,57.7575,Casa Tia Villa
168,Mana,GF,75.02,broken clouds,5.6592,-53.7767,LE SAMANA
169,Ambon,ID,86.0,few clouds,-3.6954,128.1814,Swiss-Belhotel Ambon
172,Matara,LK,83.62,light rain,5.9485,80.5353,Amaloh Boutique Resort
173,Muisne,EC,76.82,light rain,0.6,-80.0333,Quinta Samay
174,Keti Bandar,PK,84.25,clear sky,24.1447,67.4497,Haji laloo memon house
177,Trairi,BR,74.77,scattered clouds,-3.2778,-39.2689,janelas do mar
179,Eyl,SO,86.45,broken clouds,7.9803,49.8164,Amiin Hotel
181,Kieta,PG,80.8,broken clouds,-6.2167,155.6333,Uruna Bay Retreat
184,Mayumba,GA,83.17,light rain,-3.432,10.6554,LIKWALE LODGE
185,Yei,SS,91.2,overcast clouds,4.095,30.6779,City Link Hotel
186,Pitimbu,BR,75.2,few clouds,-7.4706,-34.8086,Reserva do Abia√≠
188,Kuching,MY,75.2,light rain,1.55,110.3333,The Ranee Boutique Suites
191,Balabac,PH,84.7,clear sky,7.9868,117.0645,Sing and Swing Lodge
193,Port Moresby,PG,84.2,scattered clouds,-9.4431,147.1797,Lamana Hotel
201,Kruisfontein,ZA,81.0,clear sky,-34.0033,24.7314,Oyster Bay House Rental
206,Bima,ID,82.99,overcast clouds,-8.4667,118.7167,Lambitu Hotel
209,San Isidro,PE,73.0,clear sky,-12.1167,-77.05,Soul Mate-Inn
211,Katherine,AU,82.4,scattered clouds,-14.4667,132.2667,Pine Tree Motel
212,Plettenberg Bay,ZA,76.48,clear sky,-34.0527,23.3716,Thanda Vista B&B
214,Yulara,AU,89.6,scattered clouds,-25.2406,130.9889,Desert Gardens Hotel - Ayers Rock Resort
215,Banda Aceh,ID,83.79,broken clouds,5.5577,95.3222,Sulthan Hotel International
219,Chicama,PE,73.09,overcast clouds,-7.8447,-79.1469,Chicama Me Gusta
222,Minna,NG,82.4,scattered clouds,9.6139,6.5569,Royal Park hotel & suites
227,Victoria,HK,82.99,clear sky,22.2855,114.1577,Mini Hotel Central
229,Kavieng,PG,83.64,broken clouds,-2.5744,150.7967,Nusa Island Retreat
230,Buala,SB,80.65,light rain,-8.145,159.5921,Maringe Lagoon Lodge
239,Angoche,MZ,86.14,few clouds,-16.2325,39.9086,Guest House HESADA
240,Gao,ML,88.09,clear sky,16.6362,1.6369999999999998,
243,Gizo,SB,82.99,few clouds,-8.103,156.8419,Imagination Island
247,Sabang,ID,83.5,scattered clouds,5.8933,95.3214,Hotel Citra
254,Monrovia,LR,77.0,mist,6.3005,-10.7969,Sunset Inn
256,Namwala,ZM,77.09,clear sky,-15.7504,26.4384,Corner Point Lodge
257,Zwedru,LR,78.12,overcast clouds,6.0667,-8.1281,Elijah Worjloh
258,Arlit,NE,92.05,clear sky,18.7369,7.3853,Case de Passage De la Prefecture
259,Mahebourg,MU,86.0,scattered clouds,-20.4081,57.7,Shandrani Beachcomber Resort & Spa
263,Tura,IN,92.16,clear sky,25.5198,90.2201,Hotel RIKMAN Continental
265,Bilma,NE,93.29,clear sky,18.6853,12.9164,Expeditions T√©n√©re voyages
266,Blackwater,AU,75.09,overcast clouds,-23.5833,148.8833,Blackwater Motor Inn
268,Alofi,NU,77.0,light rain,-19.0595,-169.9187,Taloa Heights
269,La Union,PE,77.83,overcast clouds,-5.4,-80.75,Los Portales
270,Siocon,PH,84.0,broken clouds,7.7061,122.1353,ABS Hotel
272,Gombong,ID,82.63,moderate rain,-7.6072,109.5142,Grafika Hotel Dan Restoran
276,Fuling,CN,75.06,scattered clouds,29.7022,107.3919,Yingbin Hostel
279,Chimbote,PE,71.49,overcast clouds,-9.0853,-78.5783,Hotel Viera Chimbote
282,Agadez,NE,87.01,clear sky,19.75,10.25,
284,Whyalla,AU,77.0,clear sky,-33.0333,137.5833,Foreshore Motor Inn
285,Birao,CF,93.58,overcast clouds,10.2849,22.7882,
288,Acajutiba,BR,70.65,clear sky,-11.6622,-38.0172,Recanto Da Lucinha
291,Oistins,BB,77.0,scattered clouds,13.0667,-59.5333,Butterfly Beach Hotel
293,Souillac,MU,86.0,scattered clouds,-20.5167,57.5167,Shanti Maurice Resort & Spa
298,Salvacion,PH,80.24,overcast clouds,7.9833,126.1333,
301,Dera Bugti,PK,90.91,broken clouds,29.0307,69.15100000000001,Nawab Bugti House
303,Hambantota,LK,84.2,light rain,6.1241,81.1185,Bungalow 63
306,Bata,GQ,84.2,few clouds,1.8639,9.7658,Hotel Carmen
309,Itoman,JP,75.2,broken clouds,26.1247,127.6694,Southern Beach Hotel & Resort Okinawa
310,Haimen,CN,80.6,few clouds,23.1935,116.6142,Jinghao Business Hotel
313,Bengkulu,ID,84.18,moderate rain,-3.8004,102.2655,Grage Hotel Bengkulu
314,Jacqueville,CI,73.4,light rain,5.2052,-4.4146,Hotel Le Martin Pecheur
315,Merauke,ID,82.13,overcast clouds,-8.4667,140.3333,PC
316,Kilindoni,TZ,83.73,light rain,-7.9139,39.6668,Bustani B&B
317,Kloulklubed,PW,84.2,broken clouds,7.0419,134.2556,Storyboard Beach Resort
318,Isangel,VU,77.92,clear sky,-19.55,169.2667,Volcano Sea View Tree House
322,Buraydah,SA,87.8,clear sky,26.326,43.975,ŸÅŸÜÿØŸÇ ÿ±ÿßÿ≠ÿ© ÿßŸÑÿ≥ŸÑÿßŸÖ
327,De Aar,ZA,78.48,clear sky,-30.6497,24.0123,Stoneburgh B&B
328,Lorengau,PG,81.75,light rain,-2.0226,147.2712,Lorengau Harbourside Hotel
329,Port Lincoln,AU,71.37,clear sky,-34.7333,135.8667,Port Lincoln Hotel
330,Carutapera,BR,76.01,broken clouds,-1.195,-46.02,Lidera
331,Kapenguria,KE,73.8,light rain,1.2511,35.0895,Samaritan Guest House
332,San Policarpo,PH,83.1,clear sky,12.1791,125.5072,JM Lodge
333,Mazagao,BR,75.2,few clouds,-0.115,-51.2894,Recanto dos Ferreiras
336,Sao Filipe,CV,71.78,clear sky,14.8961,-24.4956,Tortuga B&B
338,Betare Oya,CM,82.69,overcast clouds,5.6,14.0833,Auberge Tembina Betar√© Oya
339,Inongo,CD,78.64,overcast clouds,-1.95,18.2667,Hotel Du Lac
343,Alugan,PH,82.94,clear sky,12.2188,125.4808,JM Lodge
344,Talara,PE,76.96,overcast clouds,-4.5772,-81.2719,Hostal Oro Negro
347,Grand Gaube,MU,84.0,clear sky,-20.0064,57.6608,Veranda Paul et Virginie Hotel & Spa
348,Balkanabat,TM,78.64,clear sky,39.5108,54.3671,Nebitchi Hotel
349,Nokaneng,BW,84.83,clear sky,-19.6667,22.2667,
350,Broken Hill,AU,77.0,scattered clouds,-31.95,141.4333,Royal Exchange Hotel
357,Jalingo,NG,92.16,overcast clouds,8.8833,11.3667,Debright Motel
358,Lima,PE,73.0,clear sky,-12.0432,-77.0282,Gran Hotel Bolivar Lima
359,Harper,LR,79.75,light rain,4.375,-7.7169,Screensaver
361,Mount Isa,AU,91.4,broken clouds,-20.7333,139.5,ibis Styles Mt Isa Verona
363,Bull Savanna,JM,70.07,clear sky,17.8868,-77.5902,Big Red's
364,Boa Vista,BR,77.0,clear sky,2.8197,-60.6733,Aipana Plaza Hotel
369,Geraldton,AU,86.0,clear sky,-28.7667,114.6,Broadwater Mariner Resort
370,Jacareacanga,BR,72.61,overcast clouds,-6.2222,-57.7528,Casa do Ianüòé
372,Alta Floresta,BR,70.48,overcast clouds,-9.8756,-56.0861,Floresta Amazonica Hotel
376,Salinopolis,BR,77.97,overcast clouds,-0.6136,-47.3561,Salinas Park Resort Ma√ßarico AP101
379,Atar,MR,83.64,clear sky,20.5169,-13.0499,Oumou Elghoura
381,Thinadhoo,MV,84.06,overcast clouds,0.5333,72.9333,
382,Santa Cruz,BO,71.6,broken clouds,-17.8,-63.1667,Aviador Hotel Boutique
384,Inyonga,TZ,80.53,broken clouds,-6.7167,32.0667,Eden Rock Lodge
386,Voi,KE,87.71,few clouds,-3.3945,38.563,Voi Wildlife Lodge
390,Andros Town,BS,71.6,scattered clouds,24.7,-77.7667,Hanks place
392,Mhlambanyatsi,SZ,71.6,few clouds,-26.45,31.0167,Foresters Arms
393,Marawi,PH,84.0,broken clouds,7.9986,124.2928,Derogongan Residence
394,Kununurra,AU,86.0,broken clouds,-15.7667,128.7333,Hotel Kununurra
398,Ouadda,CF,86.88,overcast clouds,8.0777,22.4007,
403,Sola,VU,82.11,light rain,-13.8833,167.55,Leumerus Bungalows
405,Kondoa,TZ,78.73,light rain,-4.9,35.7833,Kinyuma Lodge
409,Huarmey,PE,70.36,overcast clouds,-10.0681,-78.1522,Hotel Miramar
410,Bogo,PH,83.35,scattered clouds,11.0517,124.0055,Acrige Apartelle 2 pax Twin @ heart of Bogo City
415,Kencong,ID,83.1,moderate rain,-8.2833,113.3667,GUBUK SUGIANTO
416,Adre,TD,90.09,broken clouds,13.4667,22.2,
420,Kuala Selangor,MY,91.4,few clouds,3.35,101.25,Apps Hotel
428,Goure,NE,91.99,broken clouds,13.9835,10.2704,
435,Kerman,IR,73.4,few clouds,30.2832,57.0788,Ÿáÿ™ŸÑ ÿ¢Ÿæÿßÿ±ÿ™ŸÖÿßŸÜ ÿ¢ÿ≥ÿßŸÖ
437,Mumford,GH,79.54,overcast clouds,5.2618,-0.759,Spanish Villa
440,Moa,CU,72.99,scattered clouds,20.6569,-74.9403,Renta en Divisa
445,Makakilo City,US,71.6,clear sky,21.3469,-158.0858,Marriott's Ko Olina Beach Club
446,Martin,US,73.99,clear sky,27.0837,-80.4164,
448,Paita,PE,75.74,overcast clouds,-5.0892,-81.1144,Hotel N√°utico de Paita
452,Japura,ID,87.12,overcast clouds,-0.3167,102.35,Rumah mbah Jamah
460,Bubaque,GW,74.71,clear sky,11.2833,-15.8333,"Casa Dora, Bubaque"
464,Idenao,CM,84.2,broken clouds,4.2475,9.0047,Moland Beach Resort
466,Saint-Joseph,RE,84.2,few clouds,-21.3667,55.6167,"""Plantation Bed and Breakfast"
467,Natal,BR,75.2,scattered clouds,-5.795,-35.2094,Villa Park Hotel | Natal
472,Kuruman,ZA,80.33,clear sky,-27.4524,23.4325,Cornerstone Guest House
474,Sao Joao Da Barra,BR,73.4,few clouds,-21.6403,-41.0511,Pousada Porto De Canoas
475,Akyab,MM,84.36,broken clouds,20.15,92.9,Hotel Memory
477,Mabay,PH,91.4,broken clouds,6.0577,124.4666,Bautista Lodging House
478,Tautira,PF,78.8,clear sky,-17.7333,-149.15,Pension Oaoa
481,Tessalit,ML,80.22,clear sky,20.1986,1.0114,
485,Tarakan,ID,82.74,overcast clouds,3.3,117.6333,RedDoorz Syariah near Taman Berlabuh Tarakan
486,Hobyo,SO,85.51,scattered clouds,5.3505,48.5268,Halane Hotel and Restaurent
487,Jibuti,DJ,86.0,few clouds,11.5,42.5,Orchid Main Camp Goubet
488,Thanh Hoa,VN,80.13,few clouds,19.8,105.7667,KH√ÅCH S·∫†N NG·ªåC LY 8
489,Garissa,KE,89.89,overcast clouds,-0.4536,39.6401,Sharif Plaza Hotel
492,Hervey Bay,AU,73.99,light rain,-25.2986,152.8535,Shelly Bay Resort
493,Koumra,TD,90.3,scattered clouds,8.9126,17.5539,Motel Espoir
495,Puerto Ayacucho,VE,72.77,scattered clouds,5.6639,-67.6236,Posada Turistica Manapiare
496,Contamana,PE,70.74,scattered clouds,-7.3333,-75.0167,Shiringal Touristic Park
497,Dutlwe,BW,82.83,clear sky,-23.9833,23.9,
501,Escarcega,MX,71.64,clear sky,18.6089,-90.7454,Hotel Maria Isabel
505,Quezon,PH,84.4,broken clouds,7.7303,125.0989,LIBRE INN
507,Inirida,CO,70.32,heavy intensity rain,3.8653,-67.9239,Fuente del Guania Hotel de Lujo
508,Sabya,SA,87.8,clear sky,17.1495,42.6254,Aseel Hotel Apartment
509,Jucurutu,BR,76.5,few clouds,-6.0339,-37.0203,Pousada Miike
513,Attingal,IN,91.4,haze,8.6833,76.8333,Ayurveda Hospital
514,Sembe,CG,74.39,overcast clouds,1.6481,14.5806,
515,Olinda,BR,75.2,broken clouds,-8.0089,-34.8553,Hotel Albergue de Olinda
518,Sao Gabriel Da Cachoeira,BR,70.48,overcast clouds,-0.1303,-67.0892,Alarne - √Årea De Lazer Do Alto Rio Negro
522,Galle,LK,81.84,overcast clouds,6.0367,80.217,Amangalla
525,Porto Velho,BR,73.4,light rain,-8.7619,-63.9039,Hotel Central
526,Veraval,IN,87.12,broken clouds,20.9,70.3667,Lords Inn Somnath
528,Fare,PF,82.26,clear sky,-16.7,-151.0167,Maitai Lapita Village Huahine
529,Xai-Xai,MZ,90.57,clear sky,-25.0519,33.6442,Complexo da Familia
530,Omboue,GA,76.26,light rain,-1.5746,9.2618,Hotel Olako
533,Mabaruma,GY,70.74,overcast clouds,8.2,-59.7833,
538,Srikakulam,IN,90.99,broken clouds,18.3,83.9,Sriram residency
539,Nabire,ID,80.83,light rain,-3.3667,135.4833,Hotel Nusantara Nabire
540,Nathdwara,IN,89.6,haze,24.9333,73.8167,Hotel Sudarshan
541,Dicabisagan,PH,82.15,moderate rain,17.0818,122.4157,Nancy Montanes Bernardo
543,Langsa,ID,85.78,broken clouds,4.4683,97.9683,OYO 2964 Hotel Ridho
546,Wamba,NG,87.1,overcast clouds,8.9333,8.6,Roma Zee Guest House Annex
547,Pilar,BR,71.6,clear sky,-9.5972,-35.9567,Pousada e churrascaria Manguaba
548,Ishigaki,JP,77.0,few clouds,24.3448,124.1572,Hotel Peace Land Ishigakijima
549,Arawa,PG,78.64,broken clouds,-6.2132,155.5367,Coastline Guest House
553,Faya,SA,77.0,clear sky,18.3851,42.4509,ŸÖŸÇÿ®ÿ±ÿ© ÿßŸÑ ŸÖÿ¨ŸÖŸÑ
555,Odweyne,SO,84.24,broken clouds,9.4092,45.06399999999999,Eng Hiirey House
556,The Valley,AI,75.2,scattered clouds,18.217,-63.0578,CeBlue Villas & Beach Resort
559,Morogoro,TZ,84.2,light rain,-6.8167,37.6667,Nashera Hotel
562,Miaray,PH,83.71,broken clouds,7.5747,125.0444,Ben Justin/Ben John Ross/Ben Jethro Farm
566,Nishihara,JP,75.2,broken clouds,26.1842,127.7558,Minshuku Agaihama
567,Manyana,BW,82.42,few clouds,-23.4,21.7167,
568,Cairns,AU,82.4,scattered clouds,-16.9167,145.7667,Mantra Trilogy Cairns
571,Ventanas,EC,74.37,moderate rain,-1.45,-79.4667,Hotel Kalabi INN
573,Bonthe,SL,81.18,broken clouds,7.5264,-12.505,Bonthe Holiday Village
574,Ransang,PH,83.37,broken clouds,8.9603,117.5828,Black and Crystal Sand Campsite
576,Poum,NC,80.82,overcast clouds,-20.2333,164.0167,G√Æte kajeon
579,San-Pedro,CI,78.24,light rain,4.7485,-6.6363,Hotel Maria
580,Esna,EG,75.2,clear sky,25.2934,32.554,Orient Star Dahabyia Isna 05 Nights Each Sunday
581,Soe,ID,71.98,overcast clouds,-9.8607,124.28399999999999,Dena Hotel
582,Puerto Escondido,MX,74.37,clear sky,15.85,-97.0667,Aldea del Bazar Hotel and Spa
585,Port-Gentil,GA,77.0,scattered clouds,-0.7193,8.7815,Fengshui Residence
586,Lucea,JM,73.4,few clouds,18.451,-78.1736,Grand Palladium Jamaica Resort & Spa
587,Odienne,CI,80.04,overcast clouds,9.51,-7.5692,Oustaz Vame DIAKITE
591,Miri,MY,86.0,light rain,4.4148,114.0089,"Mega Hotel, Miri"
598,Yuanli,TW,73.4,scattered clouds,24.4397,120.6535,Êù±ÈáåÂÆ∂È¢®Âè§ÂéùÊ∞ëÂÆø
599,Kalemie,CD,81.39,light rain,-5.9475,29.1947,Mahobilali
600,Tambacounda,SN,77.04,clear sky,13.7539,-13.7586,
603,Kiama,AU,70.0,light rain,-34.6833,150.8667,The Sebel Kiama Harbourside
604,Madang,PG,79.9,overcast clouds,-5.2246,145.7966,Comfort Inn Hotel
607,Tenenkou,ML,86.14,broken clouds,14.4572,-4.9169,
610,Sur,OM,88.79,clear sky,22.5667,59.5289,Sur Plaza Hotel
611,Progreso,MX,75.0,clear sky,21.2833,-89.6667,Playa Linda Hotel
612,Beloha,MG,94.03,clear sky,-25.1667,45.05,
614,Namibe,AO,75.2,scattered clouds,-15.1961,12.1522,Hotel Chik Chik Namibe
616,Kandrian,PG,80.26,broken clouds,-6.2167,149.55,Kandrian Station
618,Ariquemes,BR,71.58,overcast clouds,-9.9133,-63.0408,Hotel Sol Nascente - Ariquemes - RO
619,Tuensang,IN,83.48,clear sky,26.2833,94.8333,B.W.D Resthouse.
622,Mwene-Ditu,CD,83.21,overcast clouds,-7.0,23.45,H√¥tel Kamas
623,Raga,SS,88.11,overcast clouds,8.4596,25.678,
624,Cartagena,CO,77.0,scattered clouds,10.3997,-75.5144,Hotel Colombia Real - Cartagena
628,El Retorno,CO,71.53,overcast clouds,2.3302,-72.6276,Hostal la posada de Rita
629,Puerto Cabezas,NI,75.47,scattered clouds,14.0351,-83.3888,Caba√±a Caribe
632,Bandarbeyla,SO,81.9,few clouds,9.4942,50.8122,JABIR HOTEL
640,Shenzhen,CN,82.99,few clouds,22.5455,114.0683,Shenzhen Shanghai Hotel
643,Kibala,TD,86.0,clear sky,9.1104,18.3463,
644,Namatanai,PG,80.85,few clouds,-3.6667,152.4333,Namatanai Hotel
645,Bintulu,MY,82.4,scattered clouds,3.1667,113.0333,900 Boutique INN
646,Aripuana,BR,70.66,light rain,-9.1667,-60.6333,
649,Mackay,AU,77.0,light rain,-21.15,149.2,International Lodge Motel
651,Tamandare,BR,76.73,scattered clouds,-8.7597,-35.1047,Pousada 100 Passos
654,Ambovombe,MG,88.16,clear sky,-25.1667,46.0833,RELAHARA
656,Adrar,MR,75.99,clear sky,20.5022,-10.0711,
658,Capao Da Canoa,BR,70.14,few clouds,-29.7456,-50.0097,Hotel Ara√ß√°
665,Acarau,BR,76.75,broken clouds,-2.8856,-40.12,castelo pizzaria
669,Collie,AU,86.0,clear sky,-33.3667,116.15,Collie Ridge
670,Bongandanga,CD,88.38,overcast clouds,1.5,21.05,
672,Am Timan,TD,92.68,overcast clouds,11.0297,20.2827,Palais du chef Canton Salamt
674,Ninh Binh,VN,81.97,clear sky,20.2539,105.975,Kinh Do Hotel
675,Dedougou,BF,87.15,overcast clouds,12.4667,-3.4667,H√¥tel Bon S√©jour
677,Karratha,AU,88.92,few clouds,-20.7377,116.8463,ibis Styles Karratha
678,Taoudenni,ML,76.15,clear sky,22.6783,-3.9836,
680,Falam,MM,86.83,clear sky,22.9167,93.6833,Falang Government Guesthouse
681,Sao Geraldo Do Araguaia,BR,70.16,moderate rain,-6.4006,-48.555,SOLAR DO BARROSO
685,Manta,EC,77.0,light rain,-0.95,-80.7333,Balandra Hotel
688,Piet Retief,ZA,80.73,clear sky,-27.0071,30.8132,Arabian Nite Guest House
691,Bundaberg,AU,77.0,overcast clouds,-24.85,152.35,Takalvan Motel
697,Balikpapan,ID,82.4,scattered clouds,-1.2675,116.8289,ibis Balikpapan
